{
  "description": "项目配置文件。",
  "setting": {
    "urlCheck": false,
    "es6": true,
    "enhance": false,
    "postcss": true,
    "preloadBackgroundData": false,
    "minified": true,
    "newFeature": true,
    "coverView": true,
    "nodeModules": false,
    "autoAudits": false,
    "showShadowRootInWxmlPanel": true,
    "scopeDataCheck": false,
    "uglifyFileName": false,
    "checkInvalidKey": true,
    "checkSiteMap": true,
    "uploadWithSourceMap": true,
    "compileHotReLoad": false,
    "useMultiFrameRuntime": false,
    "useApiHook": true,
    "babelSetting": {
      "ignore": [],
      "disablePlugins": [],
      "outputPath": ""
    },
    "bundle": false,
    "useIsolateContext": true,
    "useCompilerModule": true,
    "userConfirmedUseCompilerModuleSwitch": false,
    "userConfirmedBundleSwitch": false,
    "packNpmManually": false,
    "packNpmRelationList": [],
    "minifyWXSS": true
  },
  "compileType": "miniprogram",
  "libVersion": "1.7.2",
  "projectname": "%E6%92%AD%E6%94%BE%E5%99%A8",
  "simulatorType": "wechat",
  "simulatorPluginLibVersion": {},
  "condition": {
    "search": {
      "list": []
    },
    "conversation": {
      "list": []
    },
    "miniprogram": {
      "list": [
        {
          "id": -1,
          "name": "二维码",
          "pathName": "pages/index/index",
          "query": "",
          "scene": "1011"
        },
        {
          "id": -1,
          "name": "进入播放页面",
          "pathName": "pages/player/player",
          "query": "name=1",
          "scene": "1011"
        },
        {
          "id": -1,
          "name": "进入我的",
          "pathName": "pages/my/my",
          "query": ""
        },
        {
          "id": -1,
          "name": "进入搜索页面",
          "pathName": "pages/search/search",
          "query": ""
        }
      ]
    }
  }
}